{"type": "block", "layer": 0, "block": 3, "features": [{"geom": {"polygons": [[[[-410.8883554171771, -692.278454888612], [-411.11099439812824, -694.6168233528733], [-397.49662067508325, -695.8652740158141], [-397.88623889302835, -700.0069581028074], [-382.4907533158548, -701.4139411821961], [-382.1345309452154, -697.5298745892942], [-367.9746917169541, -698.8377747843042], [-368.3420460354537, -702.920007288456], [-356.39746467443183, -704.0099233658984], [-356.5755758592859, -705.9519552644342], [-350.76469843974337, -706.4870047830045], [-350.50866361148655, -703.5937736099586], [-347.56982905371115, -703.8712067808956], [-346.74606482172385, -694.9537068838254], [-334.3339415988885, -696.0832574469969], [-334.144698463846, -694.0421396438032], [-322.2780407462269, -695.1518736630678], [-323.23538836697116, -705.5556222619489], [-319.62863686447963, -705.8726886659861], [-320.6527761807665, -717.0294543216005], [-324.88291683001444, -716.6529385149479], [-325.90705614583567, -727.8493216410279], [-337.8739014058374, -726.7395923659205], [-338.1744640311226, -729.9102470166981], [-359.11366024939343, -727.9682211996987], [-358.76856982847676, -724.1634344924241], [-382.31264213100076, -722.0034245327115], [-382.65773255284876, -725.6694961218163], [-404.16465817345306, -723.6878360221162], [-403.86409554770216, -720.457728956826], [-413.4153078580275, -719.5659813666716], [-412.8698423532769, -713.6606280403212], [-423.4563259277493, -712.6896131299436], [-441.1561249634251, -711.0448324931785], [-439.18576997704804, -689.6626520343125], [-410.8883554171771, -692.278454888612]]]], "centroids": [[-377.581015100237, -709.7261224333197, 0.0]], "h": 45.0}, "mtl": {"face": 0}}, {"geom": {"polygons": [[[[210.1853476157412, 496.6960923485458], [198.5969886253588, 499.2132027717307], [195.4021192388609, 502.8402216043323], [202.89392096921802, 535.9987849593163], [207.48028398957103, 538.7339269043878], [218.8126081530936, 536.2762630833313], [210.1853476157412, 496.6960923485458]]]], "centroids": [[206.97265075938776, 518.0073527805507, 0.0]], "h": 5.0}, "mtl": {"face": 3}}, {"geom": {"polygons": [[[[1276.2141873002984, 430.4983674418181], [1283.6280653872527, 442.5090498616919], [1262.9003762011416, 455.25307838153094], [1257.2342141200788, 446.056763288565], [1250.1097667091526, 450.4170837206766], [1268.59993412951, 480.52318214811385], [1314.0739461188205, 452.6963431201875], [1310.790021140594, 447.3450395204127], [1319.4840733711608, 442.01355928741395], [1307.483832264319, 422.49125630408525], [1300.248065361753, 426.9308416424319], [1295.283216072712, 418.84445598814636], [1276.2141873002984, 430.4983674418181]]]], "centroids": [[1287.1844943710603, 449.4052205858752, 0.0]], "h": 5.0}, "mtl": {"face": 3}}, {"geom": {"polygons": [[[[1339.2321510375477, 406.12030762434006], [1352.8465247619897, 427.7434445954859], [1389.4038455383852, 404.39600877370685], [1375.533436986152, 382.7729377700016], [1357.8892976948991, 393.8520288458094], [1339.2321510375477, 406.12030762434006]]]], "centroids": [[1364.2466042269953, 405.2084458954632, 0.0]], "h": 5.0}, "mtl": {"face": 3}}, {"geom": {"polygons": [[[[821.1067130896263, -594.482490029186], [834.7767465589568, -595.8102247687057], [833.1848778408021, -612.1988122165203], [819.5148443714716, -610.8908972134814], [821.1067130896263, -594.482490029186]]]], "centroids": [[827.1444498919882, -603.3452840065584, 0.0]], "h": 5.0}, "mtl": {"face": 3}}, {"geom": {"polygons": [[[[-51.62696278048679, -146.58676531538367], [-49.756795334629714, -94.38571734260768], [-28.03836268093437, -95.17844662535936], [-28.672883779276162, -112.97519741952419], [-22.984457799233496, -113.19319744873792], [-23.262756526935846, -120.90246730018407], [-23.54105525277555, -128.61172938439995], [-29.897398177534342, -128.3937297910452], [-30.576447071973234, -147.3398529989645], [-51.62696278048679, -146.58676531538367]]]], "centroids": [[-38.93995646480471, -120.69440052099526, 0.0]], "h": 10.0}, "mtl": {"face": 3}}, {"geom": {"polygons": [[[[1221.97933138581, 645.3655849583447], [1214.0645155906677, 624.1976952357218], [1191.6225062459707, 628.5977573823184], [1168.7797467354685, 637.1204074686393], [1148.9314815276302, 648.4971691211686], [1156.857429271564, 669.6453058458865], [1178.00813252246, 661.756865631789], [1179.3550983611494, 665.3641413049772], [1190.7764781168662, 661.1027993457392], [1202.1978578716516, 656.8414597641677], [1200.8508920329623, 653.2540082754567], [1221.97933138581, 645.3655849583447]]]], "centroids": [[1185.2713247728534, 646.4114061063156, 0.0]], "h": 45.0}, "mtl": {"face": 0}}, {"geom": {"polygons": [[[[-290.48519417550415, -737.3018305767328], [-161.97797400364652, -745.3077199952677], [-163.3472037408501, -767.2644232437015], [-163.62550246715546, -771.7231323663145], [-273.0748258153908, -764.9062604820356], [-272.7965270881541, -760.447547388263], [-291.8655558610335, -759.2585567934439], [-290.48519417550415, -737.3018305767328]]]], "centroids": [[-225.63572027208284, -754.3184692105278, 0.0]], "h": 45.0}, "mtl": {"face": 0}}, {"geom": {"polygons": [[[[-79.52362717268988, -832.8765428839251], [-67.8016847926192, -833.2926856111735], [-68.03545572329313, -840.7436182256788], [-79.7907939502038, -840.3671085061505], [-79.52362717268988, -832.8765428839251]]]], "centroids": [[-73.79327851394191, -836.8215075787157, 0.0]], "h": 5.0}, "mtl": {"face": 3}}, {"geom": {"polygons": [[[[-178.3085433030501, -914.4995332928374], [-165.7739686393179, -915.3912581717595], [-166.27490634843707, -922.3863408239558], [-178.82061296049505, -921.494616762735], [-178.3085433030501, -914.4995332928374]]]], "centroids": [[-172.29466286161914, -918.4434436988086, 0.0]], "h": 5.0}, "mtl": {"face": 3}}, {"geom": {"polygons": [[[[1239.0668732225895, 584.2206699522212], [1242.5734371826984, 589.8099093185738], [1253.5829348219559, 582.9521906655282], [1250.087502811104, 577.3431363347918], [1239.0668732225895, 584.2206699522212]]]], "centroids": [[1246.3287573661655, 583.5798128517345, 0.0]], "h": 5.0}, "mtl": {"face": 3}}, {"geom": {"polygons": [[[[60.26025741547346, -193.25824362691492], [59.391965387854725, -191.2764456635341], [60.14893792523071, -189.37391913402826], [62.10816096328199, -188.50192765146494], [64.05625205207616, -189.27482920046896], [64.91341213136911, -191.21699171792716], [64.15643959399313, -193.15915374085307], [62.186084606684744, -194.01132672000676], [60.26025741547346, -193.25824362691492]]]], "centroids": [[62.15390247106552, -191.25991343520582, 0.0]], "h": 5.0}, "mtl": {"face": 3}}, {"geom": {"polygons": [[[[1164.6052658306435, -413.84896729607135], [1168.8799342773855, -412.8779143458232], [1169.4699275786988, -415.53344661090523], [1170.4495390974917, -419.89327369630337], [1171.0284004500136, -422.4497166071087], [1166.7537320032716, -423.4207683419809], [1164.6052658306435, -413.84896729607135]]]], "centroids": [[1167.8149342951365, -418.1498907385394, 0.0]], "h": 5.0}, "mtl": {"face": 3}}, {"geom": {"polygons": [[[[290.37990878429264, -45.39488829951733], [304.36163682769984, -45.31561485957354], [304.4840882671997, -68.26524153351784], [290.50236022425815, -68.32469643559307], [290.37990878429264, -45.39488829951733]]]], "centroids": [[297.43300503632054, -56.82509082555771, 0.0]], "h": 5.0}, "mtl": {"face": 3}}], "featureCount": 14, "startIndex": 150}